[
    {
        "quote": "2021-1 Should not change",
        "twitterLink": "https://t.co/Q4CMLnQb9R",
        "imageLink": "https://pbs.twimg.com/media/EzZe9dbVgAAuwT-.jpg",
        "publishedDate": "2021-04-22T02:45:00.000Z"
      },
      {
        "quote": "2021-2 mind is an endless game. You should not play it all the time.",
        "twitterLink": "https://t.co/Q4CMLnQb9R",
        "imageLink": "https://pbs.twimg.com/media/EzZe9dbVgAAuwT-.jpg",
        "publishedDate": "2021-04-23T02:45:00.000Z"
      },    {
        "quote": "2021-3 mind is an endless game. You should not play it all the time.",
        "twitterLink": "https://t.co/Q4CMLnQb9R",
        "imageLink": "https://pbs.twimg.com/media/EzZe9dbVgAAuwT-.jpg",
        "publishedDate": "2021-04-24T02:45:00.000Z"
      },
      {
        "quote": "2021-4 mind is an endless game. You should not play it all the time.",
        "twitterLink": "https://t.co/Q4CMLnQb9R",
        "imageLink": "https://pbs.twimg.com/media/EzZe9dbVgAAuwT-.jpg",
        "publishedDate": "2021-04-24T02:45:00.000Z"
      },
      {
        "quote": "2021-5 mind is an endless game. You should not play it all the time.",
        "twitterLink": "https://t.co/Q4CMLnQb9R",
        "imageLink": "https://pbs.twimg.com/media/EzZe9dbVgAAuwT-.jpg",
        "publishedDate": "2021-04-24T02:45:00.000Z"
      },
      {
        "quote": "2021-6 mind is an endless game. You should not play it all the time.",
        "twitterLink": "https://t.co/Q4CMLnQb9R",
        "imageLink": "https://pbs.twimg.com/media/EzZe9dbVgAAuwT-.jpg",
        "publishedDate": "2021-04-24T02:45:00.000Z"
      }
      
    
]